Name,Age,Marks
Alice,0.5,0.5833333333333334
Bob,0.0,1.0
Charlie,1.0,0.0
David,0.5,0.8333333333333334
